{"val_loss":0.6251732110977173,"epoch":38,"train_loss_epoch":0.2091948390007019,"train_f1":0.9305347800254822,"test_f1":0.7426506876945496,"_wandb":{"runtime":2415},"train_loss_step":0.038653939962387085,"test_acc":0.7667984366416931,"_runtime":2415,"val_f1":0.8325732946395874,"val_acc":0.8461538553237915,"trainer/global_step":5510,"_step":627,"_timestamp":1.7517489436111534e+09,"test_loss":0.8956762552261353,"train_acc":0.9359861612319946}