{"train_loss_step": 1.68890380859375, "epoch": 0, "trainer/global_step": 144, "_timestamp": 1751743469.2124767, "_runtime": 411.59273076057434, "_step": 15, "val_loss": 1.5290794372558594, "val_acc": 0.311740905046463, "val_f1": 0.18835210800170898, "train_loss_epoch": 1.6906826496124268, "train_acc": 0.24394463002681732, "train_f1": 0.17215704917907715, "_wandb": {"runtime": 418}}