{"train_loss_epoch":0.2091948390007019,"trainer/global_step":5510,"_timestamp":1.7517463314769914e+09,"val_loss":0.6251732110977173,"val_f1":0.8325732946395874,"train_acc":0.9359861612319946,"_runtime":2408,"val_acc":0.8461538553237915,"test_acc":0.7667984366416931,"test_f1":0.7426506876945496,"test_loss":0.8956762552261353,"epoch":38,"_step":627,"_wandb":{"runtime":2408},"train_loss_step":0.038653939962387085,"train_f1":0.9305347800254822}